start_time,duration_min,distance_km,start_area,trip_amount,uklon_commission,payout,tips
2024-08-07 15:42:00,18,10.84,Хаджибейський район,133.57,26.71,121.86,15
2024-08-03 04:58:00,8,15.89,Троєщина,253.01,27.83,225.18,0
2024-06-24 13:12:00,36,13.12,Позняки,266.03,53.21,212.82,0
2024-09-19 22:38:00,25,3.51,Пересипський район,202.51,22.28,185.23,5
2024-12-08 23:34:00,9,1.32,Позняки,65.38,7.19,63.19,5
2024-01-30 00:01:00,8,19.02,Пересипський район,257.58,28.33,249.25,20
2024-10-29 12:12:00,32,14.33,Позняки,309.81,61.96,267.85,20
2024-04-21 04:17:00,22,2.59,Позняки,259.41,28.54,235.87,5
2024-04-23 03:24:00,39,7.21,Позняки,180.97,19.91,176.06,15
2024-06-22 18:29:00,8,5.65,Пересипський район,105.23,21.05,104.18,20
2024-02-10 01:41:00,24,13.66,Оболонь,106.58,11.72,99.86,5
2024-01-09 06:21:00,15,10.43,Київський район (Одеса),263.97,52.79,221.18,10
2024-05-01 13:53:00,28,3.41,Центр,345.84,69.17,276.67,0
2024-01-22 09:02:00,26,16.34,Центр,264.3,52.86,221.44,10
2024-02-26 02:53:00,36,9.65,Київський район (Одеса),81.62,8.98,92.64,20
2024-05-01 12:27:00,28,3.99,Позняки,408.76,81.75,327.01,0
2024-06-15 07:39:00,37,1.05,Солом'янка,155.38,31.08,139.3,15
2024-09-22 00:57:00,29,18.48,Оболонь,423.15,46.55,376.6,0
2024-11-01 09:00:00,19,7.11,Пересипський район,417.18,83.44,343.74,10
2024-07-16 12:34:00,9,11.86,Позняки,255.8,51.16,204.64,0
2024-05-10 14:16:00,19,16.28,Солом'янка,432.09,86.42,345.67,0
2024-12-04 16:06:00,23,15.7,Центр,187.65,37.53,170.12,20
2024-11-28 14:13:00,5,8.01,Центр,279.88,55.98,233.9,10
2024-06-25 15:27:00,34,8.0,Приморський район (Одеса),449.14,89.83,364.31,5
2024-06-27 11:54:00,14,1.12,Пересипський район,69.32,13.86,75.46,20
2024-09-09 06:11:00,45,16.95,Солом'янка,430.89,86.18,344.71,0
2024-09-30 23:52:00,24,2.98,Хаджибейський район,443.42,48.78,409.64,15
2024-12-24 06:49:00,8,19.48,Оболонь,337.54,67.51,270.03,0
2024-02-01 23:12:00,19,18.05,Хаджибейський район,221.09,24.32,206.77,10
2024-11-29 20:08:00,10,12.03,Хаджибейський район,112.07,22.41,104.66,15
2024-02-24 11:45:00,42,11.79,Пересипський район,318.35,63.67,259.68,5
2024-06-21 09:53:00,23,5.96,Київський район (Одеса),421.16,84.23,351.93,15
2024-08-25 13:39:00,25,9.6,Троєщина,89.13,17.83,76.3,5
2024-04-09 02:43:00,42,3.07,Позняки,124.11,13.65,125.46,15
2024-08-16 16:07:00,31,3.29,Київський район (Одеса),436.21,87.24,353.97,5
2024-11-25 01:49:00,24,9.8,Позняки,95.26,10.48,94.78,10
2024-01-30 08:48:00,18,16.88,Київський район (Одеса),117.85,23.57,99.28,5
2024-09-16 01:03:00,30,10.76,Центр,161.47,17.76,148.71,5
2024-01-23 15:11:00,30,17.24,Хаджибейський район,351.75,70.35,286.4,5
2024-03-09 23:26:00,34,2.94,Оболонь,107.37,11.81,95.56,0
2024-06-10 20:46:00,13,4.76,Пересипський район,205.17,41.03,164.14,0
2024-07-07 11:13:00,9,1.41,Позняки,137.12,27.42,124.7,15
2024-04-03 18:47:00,10,18.2,Київський район (Одеса),107.79,21.56,101.23,15
2024-02-06 20:57:00,15,18.56,Пересипський район,380.46,76.09,319.37,15
2024-12-27 06:26:00,6,8.27,Пересипський район,127.39,25.48,106.91,5
2024-05-16 06:42:00,22,6.32,Оболонь,73.51,14.7,78.81,20
2024-06-27 23:24:00,23,10.48,Хаджибейський район,246.82,27.15,219.67,0
2024-07-22 17:26:00,29,3.61,Троєщина,310.63,62.13,268.5,20
2024-06-30 10:10:00,45,19.89,Хаджибейський район,369.99,74.0,310.99,15
2024-09-18 11:56:00,35,11.35,Приморський район (Одеса),194.17,38.83,175.34,20
2024-08-22 04:26:00,29,6.14,Солом'янка,184.36,20.28,169.08,5
2024-01-22 08:06:00,22,2.11,Приморський район (Одеса),266.48,53.3,233.18,20
2024-06-18 11:48:00,15,2.9,Троєщина,163.95,32.79,131.16,0
2024-06-08 18:29:00,41,17.08,Пересипський район,198.37,39.67,163.7,5
2024-05-08 05:34:00,20,12.26,Київський район (Одеса),416.45,45.81,370.64,0
2024-09-13 02:05:00,41,11.71,Троєщина,386.31,42.49,358.82,15
2024-08-13 01:05:00,16,10.32,Позняки,81.91,9.01,92.9,20
2024-06-08 07:57:00,6,11.0,Солом'янка,189.38,37.88,171.5,20
2024-05-26 16:50:00,13,7.47,Оболонь,418.32,83.66,344.66,10
2024-02-13 08:48:00,6,3.81,Оболонь,362.0,72.4,309.6,20
2024-09-22 16:54:00,9,8.1,Пересипський район,288.55,57.71,240.84,10
2024-08-07 17:43:00,25,3.59,Оболонь,345.62,69.12,291.5,15
2024-12-20 18:26:00,25,4.31,Хаджибейський район,330.49,66.1,284.39,20
2024-09-16 19:58:00,19,13.65,Оболонь,207.57,41.51,176.06,10
2024-04-02 17:34:00,16,14.85,Пересипський район,391.8,78.36,333.44,20
2024-01-24 13:55:00,16,12.45,Троєщина,309.46,61.89,247.57,0
2024-12-27 07:27:00,14,7.29,Позняки,152.82,30.56,132.26,10
2024-05-02 06:02:00,45,17.82,Позняки,380.45,76.09,314.36,10
2024-11-21 05:25:00,5,6.04,Троєщина,330.34,36.34,304.0,10
2024-07-05 21:25:00,11,14.69,Солом'янка,210.52,42.1,183.42,15
2024-05-01 02:58:00,31,10.37,Пересипський район,196.98,21.67,190.31,15
2024-03-14 20:35:00,35,15.99,Троєщина,123.44,24.69,98.75,0
2024-01-25 07:55:00,23,1.38,Центр,431.15,86.23,344.92,0
2024-09-05 21:31:00,15,17.87,Оболонь,345.47,69.09,296.38,20
2024-03-08 19:07:00,26,12.29,Приморський район (Одеса),334.76,66.95,282.81,15
2024-04-30 03:32:00,43,17.91,Оболонь,80.89,8.9,81.99,10
2024-05-29 16:15:00,17,8.78,Хаджибейський район,341.59,68.32,293.27,20
2024-07-12 03:50:00,23,6.65,Позняки,79.36,8.73,90.63,20
2024-12-23 11:56:00,14,2.04,Солом'янка,226.77,45.35,191.42,10
2024-12-15 18:20:00,17,2.84,Троєщина,126.62,25.32,111.3,10
2024-02-29 15:56:00,35,17.03,Центр,366.1,73.22,307.88,15
2024-12-22 03:35:00,21,2.73,Хаджибейський район,211.14,23.23,197.91,10
2024-10-04 18:14:00,28,4.55,Солом'янка,162.69,32.54,145.15,15
2024-07-10 19:15:00,19,16.9,Солом'янка,118.94,23.79,95.15,0
2024-03-03 09:50:00,27,16.36,Пересипський район,438.58,87.72,370.86,20
2024-06-14 16:04:00,40,2.16,Пересипський район,379.18,75.84,318.34,15
2024-12-11 18:09:00,41,17.75,Приморський район (Одеса),176.55,35.31,156.24,15
2024-01-26 06:55:00,37,11.85,Хаджибейський район,372.18,74.44,317.74,20
2024-04-17 08:50:00,12,19.04,Приморський район (Одеса),127.42,25.48,106.94,5
2024-06-03 07:02:00,17,3.4,Пересипський район,90.56,18.11,87.45,15
2024-05-27 00:47:00,45,3.81,Центр,184.7,20.32,164.38,0
2024-03-04 08:54:00,29,11.57,Хаджибейський район,187.19,37.44,159.75,10
2024-11-29 14:52:00,5,15.94,Хаджибейський район,364.86,72.97,291.89,0
2024-10-28 18:54:00,14,3.82,Позняки,420.72,84.14,356.58,20
2024-03-14 12:56:00,23,17.48,Київський район (Одеса),402.38,80.48,331.9,10
2024-10-05 22:10:00,36,11.87,Приморський район (Одеса),74.61,8.21,76.4,10
2024-10-20 10:28:00,14,12.75,Пересипський район,75.13,15.03,70.1,10
2024-06-21 23:59:00,8,15.17,Центр,409.84,45.08,364.76,0
2024-09-03 00:38:00,24,6.91,Приморський район (Одеса),394.71,43.42,351.29,0
2024-06-14 23:50:00,13,6.71,Приморський район (Одеса),361.87,39.81,332.06,10
2024-07-15 04:27:00,31,12.49,Позняки,133.29,14.66,123.63,5
2024-10-23 11:49:00,36,15.43,Київський район (Одеса),380.2,76.04,324.16,20
2024-04-25 18:14:00,9,6.91,Хаджибейський район,217.32,43.46,193.86,20
2024-01-22 01:54:00,16,4.66,Троєщина,386.42,42.51,348.91,5
2024-01-25 01:57:00,34,1.96,Київський район (Одеса),334.81,36.83,307.98,10
2024-09-25 05:24:00,34,10.6,Позняки,325.66,35.82,294.84,5
2024-09-28 05:19:00,36,12.29,Оболонь,434.6,47.81,401.79,15
2024-09-11 16:29:00,27,4.11,Центр,352.09,70.42,281.67,0
2024-07-26 13:56:00,6,8.34,Оболонь,392.99,78.6,319.39,5
2024-06-10 04:23:00,19,13.88,Центр,314.12,34.55,299.57,20
2024-01-15 14:26:00,5,10.01,Оболонь,312.47,62.49,269.98,20
2024-01-07 03:54:00,19,5.8,Центр,337.97,37.18,310.79,10
2024-11-04 14:33:00,29,17.18,Приморський район (Одеса),158.28,31.66,141.62,15
2024-08-08 00:22:00,38,16.66,Пересипський район,287.95,31.67,256.28,0
2024-09-29 12:08:00,40,13.3,Центр,176.41,35.28,141.13,0
2024-12-16 18:59:00,9,7.39,Центр,309.83,61.97,257.86,10
2024-07-09 03:52:00,24,4.58,Хаджибейський район,358.54,39.44,319.1,0
2024-10-21 06:07:00,25,13.93,Солом'янка,315.61,63.12,262.49,10
2024-07-07 21:48:00,31,8.69,Солом'янка,287.38,57.48,249.9,20
2024-05-18 07:00:00,26,14.8,Троєщина,327.66,65.53,277.13,15
2024-09-18 01:11:00,37,6.7,Оболонь,387.85,42.66,365.19,20
2024-05-11 21:34:00,23,2.85,Оболонь,348.96,69.79,299.17,20
2024-05-13 07:21:00,26,13.43,Троєщина,198.56,39.71,168.85,10
2024-11-02 04:17:00,26,8.06,Центр,240.87,26.5,214.37,0
2024-12-08 15:13:00,8,17.46,Позняки,244.17,48.83,200.34,5
2024-12-30 10:28:00,12,17.48,Пересипський район,266.64,53.33,228.31,15
2024-02-09 08:48:00,14,3.61,Троєщина,193.64,38.73,174.91,20
2024-11-29 04:38:00,14,7.01,Оболонь,363.79,40.02,338.77,15
2024-08-30 05:07:00,45,19.75,Київський район (Одеса),307.45,33.82,273.63,0
2024-11-25 04:12:00,22,4.98,Оболонь,284.75,31.32,258.43,5
2024-12-22 11:58:00,10,3.46,Пересипський район,307.06,61.41,260.65,15
2024-11-08 09:45:00,35,8.28,Солом'янка,268.18,53.64,224.54,10
2024-01-11 06:00:00,25,15.38,Хаджибейський район,134.32,26.86,107.46,0
2024-06-30 04:29:00,19,14.18,Київський район (Одеса),181.72,19.99,161.73,0
2024-10-06 07:01:00,37,12.18,Оболонь,85.46,17.09,68.37,0
2024-08-05 03:27:00,23,9.66,Хаджибейський район,292.58,32.18,270.4,10
2024-11-11 18:50:00,13,7.51,Приморський район (Одеса),200.11,40.02,165.09,5
2024-04-30 01:32:00,30,1.36,Троєщина,343.6,37.8,310.8,5
2024-06-02 18:49:00,6,12.2,Оболонь,108.03,21.61,86.42,0
2024-09-30 04:57:00,45,5.86,Хаджибейський район,303.02,33.33,289.69,20
2024-02-04 22:10:00,11,13.42,Солом'янка,78.81,8.67,70.14,0
2024-10-30 11:40:00,33,8.22,Хаджибейський район,158.57,31.71,131.86,5
2024-05-29 15:17:00,45,1.18,Пересипський район,318.05,63.61,274.44,20
2024-07-15 14:11:00,44,12.51,Оболонь,223.34,44.67,178.67,0
2024-03-26 17:33:00,23,3.17,Позняки,254.12,50.82,223.3,20
2024-05-25 10:52:00,21,16.8,Троєщина,199.59,39.92,174.67,15
2024-08-03 01:38:00,15,1.75,Приморський район (Одеса),415.04,45.65,384.39,15
2024-08-28 17:43:00,20,1.05,Позняки,413.68,82.74,350.94,20
2024-12-25 19:05:00,14,19.04,Хаджибейський район,89.27,17.85,71.42,0
2024-07-05 08:02:00,19,9.68,Центр,163.01,32.6,130.41,0
2024-03-13 16:17:00,16,17.61,Центр,200.48,40.1,170.38,10
2024-11-06 04:48:00,12,2.8,Солом'янка,63.77,7.01,61.76,5
2024-05-04 03:55:00,26,7.79,Приморський район (Одеса),432.48,47.57,394.91,10
2024-03-08 16:26:00,28,16.48,Оболонь,104.39,20.88,98.51,15
2024-11-28 10:35:00,22,16.88,Приморський район (Одеса),371.96,74.39,302.57,5
2024-03-23 07:48:00,13,14.23,Солом'янка,442.81,88.56,359.25,5
2024-03-16 12:31:00,31,18.31,Приморський район (Одеса),372.88,74.58,313.3,15
2024-05-11 23:45:00,44,8.22,Київський район (Одеса),298.43,32.83,270.6,5
2024-12-17 18:25:00,36,3.15,Пересипський район,231.87,46.37,185.5,0
2024-07-09 12:00:00,25,1.23,Хаджибейський район,359.34,71.87,307.47,20
2024-06-12 02:25:00,26,10.86,Позняки,228.81,25.17,208.64,5
2024-12-16 22:19:00,27,13.61,Пересипський район,117.98,12.98,125.0,20
2024-02-09 17:36:00,5,13.22,Оболонь,257.17,51.43,220.74,15
2024-12-27 01:20:00,15,2.42,Приморський район (Одеса),185.05,20.36,174.69,10
2024-07-21 13:08:00,8,10.63,Хаджибейський район,310.89,62.18,263.71,15
2024-06-20 02:55:00,10,9.72,Приморський район (Одеса),94.33,10.38,98.95,15
2024-11-21 13:04:00,25,3.26,Приморський район (Одеса),350.64,70.13,280.51,0
2024-03-15 17:49:00,30,8.83,Хаджибейський район,274.15,54.83,219.32,0
2024-08-09 19:14:00,37,11.68,Приморський район (Одеса),430.64,86.13,354.51,10
2024-02-09 12:31:00,19,17.04,Київський район (Одеса),278.46,55.69,242.77,20
2024-12-10 12:36:00,28,14.6,Позняки,98.0,19.6,83.4,5
2024-01-02 14:23:00,26,7.75,Центр,273.6,54.72,228.88,10
2024-03-18 10:06:00,7,18.04,Приморський район (Одеса),114.78,22.96,106.82,15
2024-03-18 21:17:00,21,12.61,Троєщина,107.09,21.42,100.67,15
2024-06-05 23:41:00,34,16.67,Троєщина,339.55,37.35,302.2,0
2024-10-28 19:23:00,7,18.61,Позняки,361.14,72.23,303.91,15
2024-11-29 01:25:00,42,19.17,Оболонь,435.9,47.95,387.95,0
2024-02-05 08:51:00,40,18.77,Приморський район (Одеса),420.5,84.1,341.4,5
2024-05-06 10:45:00,13,2.97,Київський район (Одеса),256.6,51.32,220.28,15
2024-10-31 20:41:00,43,18.4,Троєщина,166.7,33.34,143.36,10
2024-08-02 05:03:00,33,16.29,Оболонь,220.97,24.31,216.66,20
2024-08-05 15:53:00,40,17.35,Хаджибейський район,306.71,61.34,250.37,5
2024-06-01 16:59:00,44,14.57,Київський район (Одеса),419.26,83.85,340.41,5
2024-05-09 11:30:00,37,11.31,Київський район (Одеса),337.04,67.41,279.63,10
2024-12-15 19:04:00,42,11.84,Пересипський район,322.95,64.59,278.36,20
2024-07-27 04:57:00,32,16.36,Хаджибейський район,101.52,11.17,105.35,15
2024-04-15 19:46:00,8,13.73,Троєщина,164.12,32.82,136.3,5
2024-07-27 16:58:00,21,3.78,Солом'янка,329.33,65.87,273.46,10
2024-05-28 13:10:00,39,1.61,Приморський район (Одеса),99.97,19.99,99.98,20
2024-06-12 08:03:00,40,8.39,Хаджибейський район,365.88,73.18,302.7,10
2024-02-04 05:01:00,29,8.36,Київський район (Одеса),436.67,48.03,388.64,0
2024-01-10 10:35:00,21,4.86,Приморський район (Одеса),383.69,76.74,316.95,10
2024-05-23 01:32:00,17,6.59,Оболонь,443.55,48.79,394.76,0
2024-05-16 03:39:00,16,14.97,Позняки,207.11,22.78,199.33,15
2024-07-22 05:50:00,40,6.02,Оболонь,287.75,31.65,266.1,10
2024-01-05 02:39:00,26,9.86,Оболонь,75.58,8.31,77.27,10
2024-02-07 00:45:00,45,12.7,Центр,251.31,27.64,243.67,20
2024-09-17 17:59:00,9,15.9,Київський район (Одеса),264.9,52.98,216.92,5
2024-02-19 15:28:00,37,4.03,Хаджибейський район,269.44,53.89,215.55,0
2024-09-11 10:15:00,19,17.78,Київський район (Одеса),189.12,37.82,161.3,10
2024-06-08 01:36:00,44,11.08,Хаджибейський район,381.24,41.94,339.3,0
2024-03-24 12:54:00,27,9.47,Троєщина,433.97,86.79,357.18,10
2024-10-04 16:58:00,12,8.33,Хаджибейський район,342.35,68.47,273.88,0
2024-09-30 00:52:00,37,16.25,Приморський район (Одеса),249.85,27.48,232.37,10
2024-05-20 04:23:00,25,10.76,Позняки,125.28,13.78,131.5,20
2024-01-06 08:06:00,45,2.24,Троєщина,397.33,79.47,332.86,15
2024-03-16 16:15:00,18,11.22,Пересипський район,312.16,62.43,249.73,0
2024-04-21 23:03:00,6,9.73,Київський район (Одеса),74.78,8.23,66.55,0
2024-02-09 12:24:00,16,16.09,Хаджибейський район,87.47,17.49,74.98,5
2024-07-07 08:12:00,31,8.37,Пересипський район,228.88,45.78,183.1,0
2024-10-10 15:02:00,12,11.16,Позняки,354.82,70.96,303.86,20
2024-02-03 03:27:00,9,7.8,Хаджибейський район,101.39,11.15,100.24,10
2024-03-03 23:47:00,23,15.54,Приморський район (Одеса),208.75,22.96,185.79,0
2024-12-11 03:32:00,15,11.14,Оболонь,351.23,38.64,332.59,20
2024-08-02 19:07:00,45,3.74,Київський район (Одеса),433.38,86.68,346.7,0
2024-04-12 22:41:00,12,1.79,Пересипський район,269.49,29.64,239.85,0
2024-08-09 20:51:00,18,15.22,Київський район (Одеса),142.58,28.52,134.06,20
2024-04-13 17:35:00,15,4.5,Центр,135.79,27.16,113.63,5
2024-02-09 14:30:00,40,9.76,Хаджибейський район,88.53,17.71,70.82,0
2024-07-01 13:05:00,11,4.75,Приморський район (Одеса),431.1,86.22,354.88,10
2024-04-03 08:43:00,20,2.9,Позняки,411.05,82.21,338.84,10
2024-12-19 19:02:00,33,7.24,Центр,330.45,66.09,269.36,5
2024-09-22 09:59:00,25,19.21,Оболонь,61.88,12.38,54.5,5
2024-06-10 07:26:00,32,6.26,Київський район (Одеса),112.38,22.48,99.9,10
2024-12-15 11:48:00,34,9.46,Центр,249.92,49.98,199.94,0
2024-05-07 23:48:00,43,2.56,Центр,394.9,43.44,356.46,5
2024-05-23 00:53:00,21,14.94,Позняки,343.7,37.81,305.89,0
2024-01-23 17:09:00,42,12.0,Троєщина,413.46,82.69,350.77,20
2024-07-08 18:36:00,39,17.99,Хаджибейський район,244.12,48.82,200.3,5
2024-09-23 09:08:00,30,5.24,Центр,112.21,22.44,109.77,20
2024-03-06 22:32:00,30,7.91,Солом'янка,318.44,35.03,303.41,20
2024-04-30 18:19:00,37,3.67,Оболонь,129.87,25.97,123.9,20
2024-04-16 11:00:00,35,18.84,Солом'янка,145.34,29.07,131.27,15
2024-06-17 18:07:00,9,6.02,Троєщина,76.7,15.34,66.36,5
2024-09-20 01:19:00,29,9.92,Приморський район (Одеса),403.81,44.42,359.39,0
2024-08-23 23:33:00,11,14.37,Хаджибейський район,307.09,33.78,283.31,10
2024-07-10 17:46:00,42,11.34,Оболонь,206.9,41.38,180.52,15
2024-09-23 00:01:00,42,13.41,Позняки,261.5,28.77,247.73,15
2024-06-11 07:26:00,38,8.71,Київський район (Одеса),249.88,49.98,214.9,15
2024-01-05 19:18:00,37,17.76,Приморський район (Одеса),124.59,24.92,99.67,0
2024-07-23 11:30:00,18,3.85,Оболонь,201.27,40.25,161.02,0
2024-06-16 17:35:00,31,16.41,Позняки,247.79,49.56,213.23,15
2024-12-14 19:30:00,18,12.23,Пересипський район,68.75,13.75,55.0,0
2024-04-03 02:57:00,41,12.25,Оболонь,305.52,33.61,271.91,0
2024-04-16 22:39:00,8,4.16,Оболонь,261.49,28.76,247.73,15
2024-01-14 13:24:00,23,19.0,Троєщина,235.19,47.04,203.15,15
2024-12-16 17:45:00,15,5.17,Пересипський район,294.33,58.87,255.46,20
2024-05-12 10:39:00,44,13.53,Центр,125.41,25.08,110.33,10
2024-11-26 04:57:00,43,12.22,Троєщина,207.5,22.82,189.68,5
2024-03-20 01:24:00,6,4.84,Хаджибейський район,326.9,35.96,295.94,5
2024-03-11 02:56:00,16,10.04,Солом'янка,402.32,44.26,378.06,20
2024-03-26 13:44:00,10,10.16,Оболонь,411.77,82.35,349.42,20
2024-01-01 20:58:00,32,10.92,Київський район (Одеса),401.18,80.24,340.94,20
2024-11-08 08:33:00,19,18.83,Приморський район (Одеса),367.93,73.59,309.34,15
2024-09-12 05:44:00,42,16.29,Позняки,225.94,24.85,211.09,10
2024-12-13 10:38:00,19,18.29,Позняки,170.47,34.09,156.38,20
2024-10-24 13:37:00,21,4.59,Солом'янка,285.41,57.08,228.33,0
2024-01-06 05:43:00,29,13.44,Київський район (Одеса),219.45,24.14,195.31,0
2024-04-22 16:57:00,32,13.38,Центр,161.91,32.38,149.53,20
2024-11-04 10:16:00,41,7.95,Центр,446.8,89.36,372.44,15
2024-05-28 07:48:00,31,11.49,Хаджибейський район,248.16,49.63,208.53,10
2024-12-18 06:19:00,21,19.78,Київський район (Одеса),361.94,72.39,304.55,15
2024-04-10 12:55:00,12,15.21,Приморський район (Одеса),365.41,73.08,297.33,5
2024-03-14 00:29:00,18,10.66,Київський район (Одеса),372.33,40.96,351.37,20
2024-02-07 21:41:00,15,8.39,Солом'янка,373.7,74.74,303.96,5
2024-12-09 11:00:00,43,9.27,Позняки,162.61,32.52,140.09,10
2024-02-28 06:47:00,43,1.72,Пересипський район,422.97,84.59,353.38,15
2024-07-27 14:24:00,43,2.09,Оболонь,309.71,61.94,262.77,15
2024-01-08 19:10:00,17,17.16,Хаджибейський район,171.54,34.31,137.23,0
2024-06-17 16:44:00,44,4.22,Солом'янка,200.3,40.06,160.24,0
2024-04-24 15:32:00,10,19.94,Пересипський район,197.72,39.54,173.18,15
2024-10-22 05:46:00,42,4.81,Солом'янка,347.4,38.21,309.19,0
2024-03-06 15:45:00,40,6.41,Хаджибейський район,416.85,83.37,343.48,10
2024-09-10 00:34:00,22,5.3,Троєщина,237.36,26.11,226.25,15
2024-01-04 09:17:00,21,4.33,Хаджибейський район,101.52,20.3,81.22,0
2024-08-02 06:25:00,26,18.99,Хаджибейський район,433.12,86.62,366.5,20
2024-07-01 03:32:00,33,19.36,Приморський район (Одеса),360.29,39.63,330.66,10
2024-11-30 02:57:00,34,18.03,Солом'янка,247.97,27.28,230.69,10
2024-02-19 04:35:00,29,13.04,Троєщина,324.0,35.64,293.36,5
2024-08-17 21:47:00,31,19.15,Хаджибейський район,268.9,53.78,225.12,10
2024-06-29 18:36:00,23,2.77,Київський район (Одеса),89.65,17.93,76.72,5
2024-12-13 00:24:00,25,7.72,Центр,131.29,14.44,121.85,5
2024-12-29 08:38:00,17,5.46,Троєщина,400.37,80.07,325.3,5
2024-06-15 21:41:00,17,16.86,Київський район (Одеса),120.84,24.17,96.67,0
2024-03-28 07:01:00,10,13.84,Приморський район (Одеса),299.39,59.88,259.51,20
2024-01-31 18:36:00,35,8.05,Київський район (Одеса),252.01,50.4,221.61,20
2024-07-19 01:18:00,36,4.47,Хаджибейський район,169.3,18.62,155.68,5
2024-04-03 09:15:00,8,10.99,Пересипський район,246.54,49.31,217.23,20
2024-01-24 17:04:00,37,7.6,Оболонь,238.31,47.66,190.65,0
2024-12-01 00:18:00,25,14.1,Солом'янка,322.9,35.52,302.38,15
2024-03-14 08:41:00,25,7.87,Центр,132.99,26.6,116.39,10
2024-06-21 16:18:00,22,9.96,Київський район (Одеса),202.71,40.54,177.17,15
2024-11-04 16:56:00,18,8.96,Київський район (Одеса),202.38,40.48,176.9,15
2024-07-22 14:52:00,33,4.42,Оболонь,441.92,88.38,358.54,5
2024-03-13 17:21:00,22,16.28,Хаджибейський район,228.57,45.71,197.86,15
2024-05-22 18:27:00,14,16.2,Оболонь,244.46,48.89,195.57,0
2024-05-08 14:26:00,31,10.49,Хаджибейський район,268.25,53.65,224.6,10
2024-12-20 08:18:00,24,5.77,Солом'янка,215.38,43.08,177.3,5
2024-02-13 17:12:00,18,16.46,Приморський район (Одеса),387.2,77.44,309.76,0
2024-11-23 13:46:00,26,5.94,Київський район (Одеса),278.54,55.71,232.83,10
2024-09-07 14:17:00,6,8.82,Київський район (Одеса),398.27,79.65,338.62,20
2024-05-24 21:02:00,41,11.94,Хаджибейський район,128.07,25.61,112.46,10
2024-09-15 13:58:00,25,13.79,Приморський район (Одеса),362.15,72.43,304.72,15
2024-02-27 02:16:00,29,12.66,Приморський район (Одеса),306.37,33.7,277.67,5
2024-05-02 00:35:00,45,16.35,Київський район (Одеса),224.51,24.7,219.81,20
2024-10-21 17:54:00,9,2.5,Київський район (Одеса),149.0,29.8,129.2,10
2024-07-31 03:49:00,22,12.5,Пересипський район,165.79,18.24,162.55,15
2024-09-21 10:45:00,42,10.9,Приморський район (Одеса),221.46,44.29,182.17,5
2024-01-17 19:43:00,13,14.83,Центр,426.77,85.35,341.42,0
2024-06-02 08:00:00,15,8.54,Позняки,84.88,16.98,82.9,15
2024-02-09 04:40:00,6,15.65,Хаджибейський район,358.35,39.42,318.93,0
2024-03-16 16:16:00,21,12.74,Позняки,315.38,63.08,267.3,15
2024-08-13 06:38:00,19,5.7,Центр,232.83,46.57,191.26,5
2024-04-05 14:14:00,38,16.93,Солом'янка,73.71,14.74,68.97,10
2024-08-24 19:18:00,35,9.88,Хаджибейський район,424.59,84.92,359.67,20
2024-11-19 22:13:00,13,19.42,Хаджибейський район,129.04,14.19,134.85,20
2024-11-28 10:40:00,45,15.23,Пересипський район,264.15,52.83,231.32,20
2024-08-13 11:43:00,27,10.15,Троєщина,373.84,74.77,314.07,15
2024-08-12 04:23:00,28,8.83,Оболонь,178.39,19.62,158.77,0
2024-04-09 06:01:00,27,6.45,Хаджибейський район,63.24,12.65,65.59,15
2024-12-13 09:21:00,24,1.17,Пересипський район,371.21,74.24,316.97,20
2024-06-17 08:46:00,5,11.42,Троєщина,220.58,44.12,196.46,20
2024-11-14 06:59:00,30,5.75,Пересипський район,383.09,76.62,311.47,5
2024-07-10 11:54:00,10,9.02,Троєщина,261.48,52.3,229.18,20
2024-07-16 23:11:00,23,13.32,Хаджибейський район,375.44,41.3,349.14,15
2024-05-16 21:32:00,9,4.47,Центр,103.04,20.61,97.43,15
2024-11-25 16:40:00,22,14.31,Приморський район (Одеса),133.24,26.65,106.59,0
2024-04-20 19:00:00,8,19.42,Солом'янка,132.52,26.5,106.02,0
2024-07-24 10:18:00,22,3.38,Приморський район (Одеса),343.57,68.71,279.86,5
2024-03-06 16:18:00,14,1.28,Троєщина,193.35,38.67,164.68,10
2024-12-28 22:05:00,28,9.81,Солом'янка,188.8,20.77,173.03,5
2024-02-10 19:20:00,22,15.74,Позняки,271.84,54.37,222.47,5
2024-05-19 22:48:00,21,16.53,Солом'янка,107.57,11.83,100.74,5
2024-10-07 04:49:00,33,5.7,Солом'янка,137.68,15.14,122.54,0
2024-05-31 18:52:00,35,8.39,Центр,425.12,85.02,345.1,5
2024-01-31 17:15:00,40,10.9,Центр,247.68,49.54,208.14,10
2024-05-24 16:56:00,28,17.86,Троєщина,439.58,87.92,356.66,5
2024-11-12 03:31:00,25,1.29,Центр,288.03,31.68,271.35,15
2024-06-26 00:17:00,5,19.41,Приморський район (Одеса),328.48,36.13,297.35,5
2024-09-27 10:39:00,10,5.73,Приморський район (Одеса),95.65,19.13,96.52,20
2024-09-03 10:21:00,45,2.14,Київський район (Одеса),311.38,62.28,269.1,20
2024-03-19 04:48:00,13,10.27,Київський район (Одеса),442.85,48.71,404.14,10
2024-11-15 11:10:00,17,1.41,Пересипський район,199.69,39.94,164.75,5
2024-07-01 13:14:00,7,10.22,Приморський район (Одеса),278.02,55.6,242.42,20
2024-12-22 20:58:00,17,11.77,Хаджибейський район,195.59,39.12,171.47,15
2024-07-19 11:38:00,43,18.38,Хаджибейський район,122.53,24.51,118.02,20
2024-04-22 21:15:00,33,6.62,Центр,271.23,54.25,231.98,15
2024-01-01 12:34:00,45,10.61,Оболонь,404.34,80.87,343.47,20
2024-09-22 02:40:00,44,5.54,Позняки,316.73,34.84,301.89,20
2024-10-09 03:53:00,17,10.96,Приморський район (Одеса),358.64,39.45,324.19,5
2024-07-25 04:02:00,25,8.79,Київський район (Одеса),103.08,11.34,111.74,20
2024-02-18 13:18:00,7,16.87,Оболонь,129.67,25.93,103.74,0
2024-05-27 03:35:00,11,10.22,Позняки,72.41,7.97,79.44,15
2024-12-22 17:47:00,38,12.86,Центр,79.14,15.83,68.31,5
2024-02-21 14:36:00,5,18.67,Троєщина,315.74,63.15,252.59,0
2024-12-06 19:55:00,45,2.15,Хаджибейський район,349.96,69.99,294.97,15
2024-09-25 17:56:00,8,16.65,Центр,266.32,53.26,213.06,0
2024-08-09 07:07:00,9,18.95,Хаджибейський район,97.88,19.58,83.3,5
2024-10-07 14:08:00,17,4.67,Троєщина,282.31,56.46,230.85,5
2024-10-29 07:52:00,11,15.56,Київський район (Одеса),323.05,64.61,273.44,15
2024-03-16 19:19:00,15,16.06,Хаджибейський район,216.61,43.32,183.29,10
2024-04-25 04:20:00,39,19.97,Приморський район (Одеса),424.07,46.65,387.42,10
2024-08-24 09:44:00,28,8.83,Пересипський район,382.2,76.44,315.76,10
2024-06-24 06:55:00,41,11.37,Пересипський район,358.63,71.73,296.9,10
2024-09-19 03:36:00,33,9.5,Пересипський район,60.08,6.61,53.47,0
2024-07-26 03:41:00,43,1.31,Оболонь,447.43,49.22,408.21,10
2024-01-05 18:47:00,24,19.7,Троєщина,393.73,78.75,314.98,0
2024-07-19 22:42:00,40,10.71,Оболонь,96.77,10.64,101.13,15
2024-09-15 23:32:00,14,3.63,Київський район (Одеса),406.95,44.76,367.19,5
2024-06-18 15:52:00,21,16.41,Позняки,282.49,56.5,245.99,20
2024-06-07 07:59:00,9,14.75,Приморський район (Одеса),127.43,25.49,121.94,20
2024-03-10 10:36:00,43,13.2,Солом'янка,345.01,69.0,296.01,20
2024-10-04 20:00:00,10,15.82,Київський район (Одеса),195.69,39.14,171.55,15
2024-10-30 07:14:00,12,17.53,Троєщина,351.59,70.32,301.27,20
2024-01-09 07:49:00,45,15.77,Пересипський район,81.11,16.22,84.89,20
2024-01-30 23:42:00,25,11.26,Оболонь,187.46,20.62,171.84,5
2024-04-21 13:19:00,8,13.8,Пересипський район,438.71,87.74,370.97,20
2024-03-06 14:18:00,19,9.21,Пересипський район,117.72,23.54,104.18,10
2024-03-01 02:34:00,35,11.86,Солом'янка,273.78,30.12,253.66,10
2024-03-02 22:51:00,30,10.53,Оболонь,357.19,39.29,332.9,15
2024-05-24 06:11:00,36,8.51,Троєщина,278.86,55.77,243.09,20
2024-06-28 07:27:00,20,2.36,Пересипський район,186.13,37.23,168.9,20
2024-03-06 05:46:00,12,13.76,Пересипський район,202.45,22.27,185.18,5
2024-08-21 13:18:00,27,12.28,Солом'янка,360.18,72.04,293.14,5
2024-09-11 15:44:00,44,16.61,Приморський район (Одеса),303.04,60.61,257.43,15
2024-02-02 16:17:00,19,4.79,Київський район (Одеса),120.84,24.17,96.67,0
2024-03-22 19:50:00,8,5.62,Оболонь,398.81,79.76,329.05,10
2024-01-11 00:00:00,26,14.18,Позняки,179.0,19.69,174.31,15
2024-01-17 13:33:00,26,4.97,Хаджибейський район,142.63,28.53,134.1,20
2024-07-07 08:22:00,40,10.18,Оболонь,331.08,66.22,264.86,0
2024-10-01 05:40:00,42,18.21,Хаджибейський район,76.96,8.47,73.49,5
2024-02-13 18:29:00,23,4.81,Центр,80.7,16.14,64.56,0
2024-02-18 11:52:00,29,13.55,Київський район (Одеса),397.07,79.41,317.66,0
2024-07-31 23:43:00,29,5.39,Пересипський район,258.33,28.42,229.91,0
2024-08-17 16:59:00,36,17.47,Хаджибейський район,94.33,18.87,80.46,5
2024-12-30 13:30:00,34,11.65,Солом'янка,75.5,15.1,80.4,20
2024-08-10 00:59:00,26,10.31,Оболонь,67.17,7.39,69.78,10
2024-09-15 18:40:00,45,6.74,Хаджибейський район,167.59,33.52,134.07,0
2024-07-06 15:16:00,29,17.92,Солом'янка,428.21,85.64,352.57,10
2024-06-13 06:20:00,14,7.49,Пересипський район,316.2,63.24,252.96,0
2024-10-05 07:33:00,38,19.25,Троєщина,222.76,44.55,198.21,20
2024-04-21 05:29:00,32,19.44,Київський район (Одеса),235.18,25.87,214.31,5
2024-05-30 13:20:00,13,12.04,Троєщина,396.41,79.28,327.13,10
2024-04-08 11:42:00,32,19.92,Оболонь,315.93,63.19,272.74,20
2024-04-25 02:05:00,25,2.29,Хаджибейський район,429.95,47.29,382.66,0
2024-05-14 01:59:00,25,16.95,Оболонь,343.56,37.79,315.77,10
2024-10-28 11:52:00,31,6.76,Центр,119.26,23.85,100.41,5
2024-03-18 17:57:00,13,4.51,Центр,296.19,59.24,256.95,20
2024-06-17 03:28:00,43,5.41,Солом'янка,200.11,22.01,193.1,15
2024-04-07 15:20:00,37,17.08,Приморський район (Одеса),337.69,67.54,280.15,10
2024-05-13 23:13:00,29,10.34,Оболонь,123.88,13.63,115.25,5
2024-01-24 11:15:00,31,15.53,Солом'янка,420.92,84.18,351.74,15
2024-06-11 01:25:00,17,15.4,Позняки,129.06,14.2,129.86,15
2024-12-22 18:22:00,25,17.47,Троєщина,226.75,45.35,181.4,0
2024-10-03 23:31:00,25,8.49,Хаджибейський район,264.84,29.13,235.71,0
2024-03-20 14:26:00,33,9.68,Солом'янка,402.33,80.47,326.86,5
2024-10-15 01:48:00,7,11.6,Хаджибейський район,358.41,39.43,318.98,0
2024-05-18 05:52:00,23,9.35,Центр,361.73,39.79,331.94,10
2024-12-01 22:37:00,15,9.03,Солом'янка,329.08,36.2,297.88,5
2024-12-03 13:37:00,33,2.72,Хаджибейський район,104.14,20.83,103.31,20
2024-04-08 12:39:00,30,8.86,Приморський район (Одеса),69.72,13.94,70.78,15
2024-05-27 01:01:00,34,2.71,Київський район (Одеса),329.77,36.27,298.5,5
2024-03-30 23:05:00,10,3.17,Приморський район (Одеса),307.29,33.8,273.49,0
2024-10-06 16:24:00,37,12.63,Оболонь,207.68,41.54,181.14,15
2024-02-01 23:18:00,15,18.33,Оболонь,123.23,13.56,114.67,5
2024-05-10 05:55:00,8,8.97,Центр,344.76,37.92,321.84,15
2024-07-29 06:48:00,45,4.43,Оболонь,434.57,86.91,347.66,0
2024-07-03 07:26:00,5,9.71,Приморський район (Одеса),271.97,54.39,217.58,0
2024-12-25 07:57:00,20,5.12,Приморський район (Одеса),236.96,47.39,204.57,15
2024-02-27 19:42:00,43,12.4,Троєщина,404.05,80.81,333.24,10
2024-05-31 04:43:00,8,4.51,Солом'янка,314.78,34.63,280.15,0
2024-04-15 20:36:00,7,13.67,Центр,189.13,37.83,151.3,0
2024-02-05 16:53:00,11,8.92,Оболонь,122.92,24.58,108.34,10
2024-05-09 04:37:00,34,15.24,Київський район (Одеса),423.28,46.56,376.72,0
2024-08-05 22:33:00,25,8.0,Пересипський район,379.9,41.79,353.11,15
2024-02-17 06:39:00,23,9.95,Позняки,330.9,66.18,274.72,10
2024-08-27 17:20:00,38,8.86,Троєщина,331.37,66.27,285.1,20
2024-02-12 08:50:00,11,11.86,Хаджибейський район,445.0,89.0,371.0,15
2024-07-28 02:57:00,32,12.57,Київський район (Одеса),161.27,17.74,163.53,20
2024-09-14 16:02:00,13,12.67,Приморський район (Одеса),262.69,52.54,225.15,15
2024-12-24 15:08:00,16,17.79,Троєщина,336.35,67.27,274.08,5
2024-01-02 03:37:00,12,1.46,Позняки,347.61,38.24,314.37,5
2024-10-28 22:13:00,31,1.86,Київський район (Одеса),278.56,30.64,252.92,5
2024-01-09 05:26:00,45,4.82,Центр,159.22,17.51,141.71,0
2024-08-12 02:42:00,24,10.63,Київський район (Одеса),359.14,39.51,319.63,0
2024-08-30 16:32:00,26,8.52,Солом'янка,384.5,76.9,312.6,5
2024-08-28 16:09:00,26,18.52,Приморський район (Одеса),417.3,83.46,333.84,0
2024-04-08 20:28:00,35,3.95,Приморський район (Одеса),407.9,81.58,346.32,20
2024-09-01 00:27:00,34,15.9,Пересипський район,421.84,46.4,375.44,0
2024-08-05 23:24:00,41,14.77,Київський район (Одеса),276.52,30.42,246.1,0
2024-05-31 15:39:00,41,14.02,Київський район (Одеса),85.82,17.16,73.66,5
2024-07-23 05:23:00,6,7.44,Пересипський район,304.34,33.48,275.86,5
2024-10-10 16:09:00,16,12.31,Центр,335.05,67.01,278.04,10
2024-01-24 00:44:00,22,8.86,Приморський район (Одеса),402.05,44.23,367.82,10
2024-11-25 01:38:00,24,5.11,Центр,128.25,14.11,124.14,10
2024-01-28 05:31:00,17,18.35,Приморський район (Одеса),257.34,28.31,244.03,15
2024-12-30 03:04:00,14,4.61,Приморський район (Одеса),345.65,38.02,327.63,20
2024-08-13 23:54:00,25,3.72,Позняки,380.63,41.87,358.76,20
2024-04-06 15:24:00,18,14.77,Приморський район (Одеса),211.16,42.23,188.93,20
2024-03-25 08:22:00,5,6.91,Солом'янка,327.95,65.59,282.36,20
2024-03-04 09:45:00,26,9.87,Солом'янка,100.21,20.04,90.17,10
2024-01-17 08:52:00,41,15.41,Троєщина,185.14,37.03,153.11,5
2024-07-27 16:07:00,22,11.11,Приморський район (Одеса),321.74,64.35,267.39,10
2024-04-18 17:34:00,15,6.2,Солом'янка,433.74,86.75,366.99,20
2024-03-15 13:08:00,18,11.31,Хаджибейський район,184.21,36.84,152.37,5
2024-07-25 06:27:00,41,5.65,Позняки,181.44,36.29,155.15,10
2024-11-19 01:18:00,8,3.47,Приморський район (Одеса),412.28,45.35,366.93,0
2024-03-18 03:12:00,29,2.02,Пересипський район,212.85,23.41,209.44,20
2024-11-20 15:33:00,44,7.76,Київський район (Одеса),378.8,75.76,323.04,20
2024-02-27 04:41:00,34,11.79,Позняки,377.01,41.47,350.54,15
2024-03-11 19:47:00,34,6.9,Приморський район (Одеса),243.51,48.7,199.81,5
2024-04-14 15:43:00,44,5.9,Київський район (Одеса),212.91,42.58,180.33,10
2024-08-24 11:36:00,34,10.26,Позняки,245.38,49.08,206.3,10
2024-12-14 13:03:00,34,17.07,Центр,359.5,71.9,307.6,20
2024-04-02 18:22:00,37,2.96,Позняки,187.09,37.42,149.67,0
2024-08-07 23:53:00,39,9.76,Пересипський район,153.04,16.83,141.21,5
2024-04-25 19:04:00,35,8.29,Київський район (Одеса),141.21,28.24,132.97,20
2024-11-09 22:51:00,32,11.78,Київський район (Одеса),272.37,29.96,247.41,5
2024-05-06 00:53:00,9,15.05,Приморський район (Одеса),104.59,11.5,113.09,20
2024-12-03 01:54:00,25,11.55,Приморський район (Одеса),128.71,14.16,129.55,15
2024-02-20 16:28:00,43,3.07,Пересипський район,187.69,37.54,150.15,0
2024-03-06 22:10:00,18,16.52,Солом'янка,355.26,39.08,321.18,5
2024-11-25 20:18:00,39,6.54,Приморський район (Одеса),136.31,27.26,119.05,10
2024-08-06 06:15:00,41,16.09,Центр,418.22,83.64,349.58,15
2024-09-07 16:27:00,10,12.07,Хаджибейський район,217.64,43.53,179.11,5
2024-08-02 05:14:00,8,8.02,Хаджибейський район,437.48,48.12,389.36,0
2024-09-18 14:15:00,12,17.36,Солом'янка,151.74,30.35,141.39,20
2024-10-14 02:20:00,45,7.04,Пересипський район,218.35,24.02,209.33,15
2024-06-02 19:16:00,16,10.02,Троєщина,276.61,55.32,231.29,10
2024-10-30 19:43:00,14,6.48,Оболонь,112.37,22.47,89.9,0
2024-01-12 10:30:00,14,14.71,Приморський район (Одеса),316.59,63.32,258.27,5
2024-03-02 15:36:00,13,13.2,Пересипський район,395.46,79.09,336.37,20
2024-11-05 23:43:00,44,4.42,Хаджибейський район,225.41,24.8,215.61,15
2024-10-07 03:22:00,27,5.29,Пересипський район,295.78,32.54,283.24,20
2024-12-28 17:55:00,20,14.53,Центр,220.23,44.05,196.18,20
2024-09-24 05:15:00,7,19.59,Приморський район (Одеса),334.9,36.84,298.06,0
2024-12-16 15:23:00,10,3.7,Хаджибейський район,443.6,88.72,364.88,10
2024-12-04 13:21:00,38,2.49,Позняки,155.64,31.13,124.51,0
2024-08-15 13:19:00,44,2.0,Київський район (Одеса),268.66,53.73,214.93,0
2024-12-07 10:04:00,34,10.74,Приморський район (Одеса),283.85,56.77,237.08,10
2024-11-02 13:47:00,27,19.25,Центр,172.79,34.56,138.23,0
2024-08-09 10:01:00,41,5.95,Приморський район (Одеса),285.48,57.1,248.38,20
2024-02-07 14:07:00,23,16.37,Солом'янка,171.86,34.37,137.49,0
2024-04-02 08:21:00,37,2.46,Центр,158.3,31.66,146.64,20
2024-07-23 14:20:00,22,17.3,Солом'янка,349.16,69.83,299.33,20
2024-05-07 03:35:00,42,15.04,Приморський район (Одеса),204.21,22.46,186.75,5
2024-07-09 05:43:00,20,10.21,Хаджибейський район,396.19,43.58,362.61,10
2024-03-02 11:01:00,14,12.32,Оболонь,386.67,77.33,324.34,15
2024-10-06 00:19:00,20,13.55,Оболонь,142.23,15.65,136.58,10
2024-02-09 13:24:00,21,15.35,Позняки,80.48,16.1,79.38,15
2024-10-17 08:34:00,35,6.73,Хаджибейський район,151.13,30.23,135.9,15
2024-12-11 14:03:00,21,3.76,Пересипський район,64.63,12.93,66.7,15
2024-10-05 04:00:00,25,19.27,Солом'янка,97.97,10.78,107.19,20
2024-09-14 15:35:00,32,12.6,Центр,190.64,38.13,162.51,10
2024-03-12 13:30:00,21,13.43,Пересипський район,239.83,47.97,196.86,5
2024-05-21 22:34:00,38,7.41,Оболонь,182.18,20.04,162.14,0
2024-01-07 04:07:00,9,1.23,Позняки,264.85,29.13,250.72,15
2024-09-12 23:11:00,19,14.78,Центр,135.3,14.88,120.42,0
2024-03-07 22:47:00,8,18.83,Троєщина,430.69,47.38,383.31,0
2024-03-28 08:45:00,10,17.27,Оболонь,206.62,41.32,185.3,20
2024-05-14 13:03:00,12,14.22,Центр,174.88,34.98,139.9,0
2024-11-26 04:30:00,22,15.62,Київський район (Одеса),160.36,17.64,142.72,0
2024-07-20 21:56:00,8,8.27,Київський район (Одеса),448.42,89.68,368.74,10
2024-07-11 17:21:00,16,9.37,Приморський район (Одеса),441.97,88.39,358.58,5
2024-10-12 21:47:00,16,13.26,Позняки,116.11,23.22,107.89,15
2024-06-08 00:34:00,44,13.22,Приморський район (Одеса),339.01,37.29,301.72,0
2024-01-26 09:14:00,9,2.34,Центр,363.12,72.62,290.5,0
2024-12-28 09:57:00,14,13.4,Солом'янка,423.83,84.77,354.06,15
2024-07-13 00:18:00,14,14.3,Пересипський район,284.11,31.25,272.86,20
2024-12-23 07:14:00,35,9.29,Позняки,270.65,54.13,216.52,0
2024-10-06 22:17:00,35,3.3,Хаджибейський район,424.67,46.71,387.96,10
2024-08-30 19:16:00,24,8.61,Позняки,202.49,40.5,171.99,10
2024-02-28 14:05:00,34,15.45,Центр,312.64,62.53,255.11,5
2024-01-29 15:21:00,29,13.55,Центр,331.39,66.28,265.11,0
2024-09-18 14:32:00,36,2.61,Приморський район (Одеса),346.78,69.36,282.42,5
2024-01-26 23:52:00,17,1.48,Троєщина,250.8,27.59,223.21,0
2024-08-12 01:59:00,36,11.14,Приморський район (Одеса),436.96,48.07,388.89,0
2024-01-27 23:22:00,26,2.07,Солом'янка,218.15,24.0,199.15,5
2024-11-29 18:36:00,39,3.83,Троєщина,420.68,84.14,336.54,0
2024-04-13 02:28:00,36,13.42,Приморський район (Одеса),413.8,45.52,388.28,20
2024-02-03 08:26:00,20,14.32,Оболонь,65.6,13.12,52.48,0
2024-08-11 19:06:00,11,9.67,Оболонь,385.79,77.16,308.63,0
2024-03-18 10:16:00,12,10.45,Троєщина,84.61,16.92,72.69,5
2024-11-06 08:35:00,26,16.42,Пересипський район,186.45,37.29,169.16,20
2024-04-10 00:00:00,25,16.89,Троєщина,358.05,39.39,338.66,20
2024-05-06 07:13:00,26,2.2,Центр,115.08,23.02,107.06,15
2024-05-02 08:54:00,28,11.51,Приморський район (Одеса),155.02,31.0,144.02,20
2024-01-30 15:15:00,13,2.9,Пересипський район,363.29,72.66,290.63,0
2024-12-20 14:22:00,10,1.12,Оболонь,421.19,84.24,356.95,20
2024-07-25 14:34:00,31,14.18,Приморський район (Одеса),330.02,66.0,269.02,5
